{"eval/samples_per_second":31.082,"train_loss":0.4505274316141092,"train/grad_norm":0.38433101773262024,"eval/steps_per_second":15.541,"train/global_step":469,"train_samples_per_second":12.147,"_wandb":{"runtime":310},"_runtime":310,"train_runtime":308.8874,"eval/loss":0.2532460689544678,"train/loss":0.2472,"eval/runtime":4.5042,"train/epoch":2.9904153354632586,"train/learning_rate":2.756699182858369e-07,"_step":55,"train_steps_per_second":1.518,"total_flos":2.984819300499456e+15,"_timestamp":1.7710306868611789e+09}